{
    "danh-muc": [
        {
            "id": "DM01",
            "ten": "Áo Khoác Nam"
        },
        {
            "id": "DM02",
            "ten": "Áo Blazer Nam"
        },
        {
            "id": "DM03",
            "ten": "Áo Thun Nam"
        }
    ],
    "san-pham": [
        {
            "id": "SP01",
            "ten": "Áo Khoác Chần Bông Nam Cổ Trụ Phối Rib Form Regular - 10F23JAC007",
            "anh": "img/san-pham_ao-khoac-01.webp",
            "giaBan": "1,010,000 VNĐ",
            "giaNiemYet": "2,081,000 VNĐ",
            "tenDanhMuc": "Áo Khoác Nam",
            "idDanhMuc": "DM01"
        },
        {
            "id": "SP02",
            "ten": "Áo Khoác Nam Dây Kéo Cổ Trụ Phối Rib Form Regular - 10F23JAC008",
            "anh": "img/san-pham_ao-khoac-02.webp",
            "giaBan": "850,000 VNĐ",
            "giaNiemYet": "2,081,000 VNĐ",
            "tenDanhMuc": "Áo Khoác Nam",
            "idDanhMuc": "DM01"
        },
        {
            "id": "SP03",
            "ten": "Áo Khoác Chần Bông Nam Sát Nách Khóa Kéo Form Regular - 10F23JAC025",
            "anh": "img/san-pham_ao-khoac-03.webp",
            "giaBan": "800,000 VNĐ",
            "giaNiemYet": "2,081,000 VNĐ",
            "tenDanhMuc": "Áo Khoác Nam",
            "idDanhMuc": "DM01"
        },
        {
            "id": "SP04",
            "ten": "Áo Khoác Bomber Nam Kaki Khóa Kéo Gập Ly Form Regular - 10F23JAC009",
            "anh": "img/san-pham_ao-khoac-04.webp",
            "giaBan": "1,181,000 VNĐ",
            "giaNiemYet": "2,081,000 VNĐ",
            "tenDanhMuc": "Áo Khoác Nam",
            "idDanhMuc": "DM01"
        },
        {
            "id": "SP05",
            "ten": "Áo Khoác Bomber Nam Da Lộn Trơn Dây Kéo Form Regular - 10F23JAC001",
            "anh": "img/san-pham_ao-khoac-05.webp",
            "giaBan": "1,100,000 VNĐ",
            "giaNiemYet": "2,081,000 VNĐ",
            "tenDanhMuc": "Áo Khoác Nam",
            "idDanhMuc": "DM01"
        },
        {
            "id": "SP06",
            "ten": "Áo Khoác Nam Flannel Tay Dài Khóa Kéo Kẻ Caro Form Regular - 10F23JAC002",
            "anh": "img/san-pham_ao-khoac-06.webp",
            "giaBan": "1,200,000 VNĐ",
            "giaNiemYet": "2,081,000 VNĐ",
            "tenDanhMuc": "Áo Khoác Nam",
            "idDanhMuc": "DM01"
        },
        {
            "id": "SP07",
            "ten": "Áo Khoác Bomber Nam Nylon Chần Bông Phối Màu Form Regular - 10F23JAC006",
            "anh": "img/san-pham_ao-khoac-07.webp",
            "giaBan": "981,000 VNĐ",
            "giaNiemYet": "2,081,000 VNĐ",
            "tenDanhMuc": "Áo Khoác Nam",
            "idDanhMuc": "DM01"
        },

        {
            "id": "SP11",
            "ten": "Áo Vest Blazer Nam Tay Dài Trơn Form Fitted - 10F22VES002",
            "anh": "img/san-pham_ao-blazer-01.webp",
            "giaBan": "1,010,000 VNĐ",
            "giaNiemYet": "2,081,000 VNĐ",
            "tenDanhMuc": "Áo Blazer Nam",
            "idDanhMuc": "DM02"
        },
        {
            "id": "SP12",
            "ten": "Áo Vest Blazer Nam Tay Dài Trơn Form Fitted - 10F22VES001",
            "anh": "img/san-pham_ao-blazer-02.webp",
            "giaBan": "850,000 VNĐ",
            "giaNiemYet": "2,081,000 VNĐ",
            "tenDanhMuc": "Áo Blazer Nam",
            "idDanhMuc": "DM02"
        },
        {
            "id": "SP13",
            "ten": "Áo Vest Blazer Nam Tencel Tay Dài Trơn Form Fitted - 10F21VES005",
            "anh": "img/san-pham_ao-blazer-03.webp",
            "giaBan": "800,000 VNĐ",
            "giaNiemYet": "2,081,000 VNĐ",
            "tenDanhMuc": "Áo Blazer Nam",
            "idDanhMuc": "DM02"
        },
        {
            "id": "SP14",
            "ten": "Áo Vest Blazer Nam Tay Dài Trơn Form Fitted - 10F21VES003",
            "anh": "img/san-pham_ao-blazer-04.webp",
            "giaBan": "1,181,000 VNĐ",
            "giaNiemYet": "2,081,000 VNĐ",
            "tenDanhMuc": "Áo Blazer Nam",
            "idDanhMuc": "DM02"
        },

        {
            "id": "SP21",
            "ten": "Áo Thun Nam S.Café Thêu Chữ Coffee Lovers Form Loose - 10F23TSS062",
            "anh": "img/san-pham_ao-thun-01.webp",
            "giaBan": "510,000 VNĐ",
            "giaNiemYet": "881,000 VNĐ",
            "tenDanhMuc": "Áo Thun Nam",
            "idDanhMuc": "DM03"
        },
        {
            "id": "SP22",
            "ten": "Áo Thun Nam Tay Ngắn Coffee Trơn S.Café Form Loose - 10F23TSS078",
            "anh": "img/san-pham_ao-thun-02.webp",
            "giaBan": "850,000 VNĐ",
            "giaNiemYet": "2,081,000 VNĐ",
            "tenDanhMuc": "Áo Thun Nam",
            "idDanhMuc": "DM03"
        },
        {
            "id": "SP23",
            "ten": "Áo Thun Nam Tay Ngắn Cotton Cổ Tròn In Hình Form Regular - 10S23TSS017",
            "anh": "img/san-pham_ao-thun-03.webp",
            "giaBan": "800,000 VNĐ",
            "giaNiemYet": "2,081,000 VNĐ",
            "tenDanhMuc": "Áo Thun Nam",
            "idDanhMuc": "DM03"
        },
        {
            "id": "SP24",
            "ten": "Áo Thun Nam Organic Cotton Tay Ngắn Trơn Phối Nhãn Form Fitted - 10S23TSS006",
            "anh": "img/san-pham_ao-thun-04.webp",
            "giaBan": "1,181,000 VNĐ",
            "giaNiemYet": "2,081,000 VNĐ",
            "tenDanhMuc": "Áo Thun Nam",
            "idDanhMuc": "DM03"
        }
    ]
}